"IdConexao","NomeCliente","Site","UrlSite","WebServicePagamentoBPag","DominioPagamentoBPag"
1,"WalMartSite8","134.16.8",,"http://gwpg-proxyloja.vmcommerce.intra/proxy/WebObjects/proxy.woa/ws/ProxyWebservice","http://gwpg-proxyloja.vmcommerce.intra"
2,"WalMartSite9","134.16.9",,"http://gwpg-proxyloja.vmcommerce.intra/proxy/WebObjects/proxy.woa/ws/ProxyWebservice","http://gwpg-proxyloja.vmcommerce.intra"
3,"WalMartSite10","134.16.10",,"http://gwpg-proxyloja.vmcommerce.intra/proxy/WebObjects/proxy.woa/ws/ProxyWebservice","http://gwpg-proxyloja.vmcommerce.intra"
4,"WalMartSite","localhost",,"http://gwpg-proxyloja.vmcommerce.intra/proxy/WebObjects/proxy.woa/ws/ProxyWebservice","http://gwpg-proxyloja.vmcommerce.intra"
5,"WalMartBalance","225.92.217","http://www.walmart.com.br","http://gwpg-proxyloja.vmcommerce.intra/proxy/WebObjects/proxy.woa/ws/ProxyWebservice","http://gwpg-proxyloja.vmcommerce.intra"
6,"WalMartSite","wal-mart.com.br",,"http://gwpg-proxyloja.vmcommerce.intra/proxy/WebObjects/proxy.woa/ws/ProxyWebservice","http://gwpg-proxyloja.vmcommerce.intra"
7,"WalMartAdmin","134.16.248","http://www.atendimento.wmxp.com.br/","http://gwpg-proxyloja.vmcommerce.intra/proxy/WebObjects/proxy.woa/ws/ProxyWebservice","http://gwpg-proxyloja.vmcommerce.intra"
8,"WalMartCompactacao","225.92.219","http://www.walmart.com.br","http://gwpg-proxyloja.vmcommerce.intra/proxy/WebObjects/proxy.woa/ws/ProxyWebservice","http://gwpg-proxyloja.vmcommerce.intra"
9,"WalMartSite15","134.16.15",,"http://gwpg-proxyloja.vmcommerce.intra/proxy/WebObjects/proxy.woa/ws/ProxyWebservice","http://gwpg-proxyloja.vmcommerce.intra"
10,"WalMartSite17","134.16.17",,"http://gwpg-proxyloja.vmcommerce.intra/proxy/WebObjects/proxy.woa/ws/ProxyWebservice","http://gwpg-proxyloja.vmcommerce.intra"
11,"WalMartAdmin","134.16.249","http://www.atendimento.wmxp.com.br/","http://gwpg-proxyloja.vmcommerce.intra/proxy/WebObjects/proxy.woa/ws/ProxyWebservice","http://gwpg-proxyloja.vmcommerce.intra"
12,"WalMartSite","walmart.com.br","http://www.walmart.com.br","http://gwpg-proxyloja.vmcommerce.intra/proxy/WebObjects/proxy.woa/ws/ProxyWebservice","http://gwpg-proxyloja.vmcommerce.intra"
13,"WalMartSite21","134.16.21",,"http://gwpg-proxyloja.vmcommerce.intra/proxy/WebObjects/proxy.woa/ws/ProxyWebservice","http://gwpg-proxyloja.vmcommerce.intra"
14,"WalMartSite23","134.16.23",,"http://gwpg-proxyloja.vmcommerce.intra/proxy/WebObjects/proxy.woa/ws/ProxyWebservice","http://gwpg-proxyloja.vmcommerce.intra"
15,"WalMartSite26","134.16.26",,"http://gwpg-proxyloja.vmcommerce.intra/proxy/WebObjects/proxy.woa/ws/ProxyWebservice","http://gwpg-proxyloja.vmcommerce.intra"
16,"WalMartSite28","134.16.28",,"http://gwpg-proxyloja.vmcommerce.intra/proxy/WebObjects/proxy.woa/ws/ProxyWebservice","http://gwpg-proxyloja.vmcommerce.intra"
17,"WalMartSite","localhost/site","http://localhost:56000/site","http://gwpg-proxyloja.vmcommerce.intra/proxy/WebObjects/proxy.woa/ws/ProxyWebservice","http://gwpg-proxyloja.vmcommerce.intra"
18,"WalMartSite11","134.16.11",,"http://gwpg-proxyloja.vmcommerce.intra/proxy/WebObjects/proxy.woa/ws/ProxyWebservice","http://gwpg-proxyloja.vmcommerce.intra"
19,"WalMartSite18","134.16.18",,"http://gwpg-proxyloja.vmcommerce.intra/proxy/WebObjects/proxy.woa/ws/ProxyWebservice","http://gwpg-proxyloja.vmcommerce.intra"
20,"WalMartSite19","134.16.19",,"http://gwpg-proxyloja.vmcommerce.intra/proxy/WebObjects/proxy.woa/ws/ProxyWebservice","http://gwpg-proxyloja.vmcommerce.intra"
21,"WalMartAdminEA","adminea.com.br","http://www.walmart.com.br","http://gwpg-proxyloja.vmcommerce.intra/proxy/WebObjects/proxy.woa/ws/ProxyWebservice","http://gwpg-proxyloja.vmcommerce.intra"
22,"WalMartAdminEA","www.adminea.com.br","http://www.walmart.com.br","http://gwpg-proxyloja.vmcommerce.intra/proxy/WebObjects/proxy.woa/ws/ProxyWebservice","http://gwpg-proxyloja.vmcommerce.intra"
23,"WalMartB2B","walmartb2b.com.br","http://www.walmartb2b.com.br","http://gwpg-proxyloja.vmcommerce.intra/proxy/WebObjects/proxy.woa/ws/ProxyWebservice","http://gwpg-proxyloja.vmcommerce.intra"
26,"WalMartAdminEA","0.0.1",,"http://gwpg-proxyloja.vmcommerce.intra/proxy/WebObjects/proxy.woa/ws/ProxyWebservice","http://gwpg-proxyloja.vmcommerce.intra"
27,"WalMartAdminEA","admineatestinstant.com.br","http://www.admineatestinstant.com.br","http://gwpg-proxyloja.vmcommerce.intra/proxy/WebObjects/proxy.woa/ws/ProxyWebservice","http://gwpg-proxyloja.vmcommerce.intra"
28,"WS B2B Installment","com.br/Installment","http://webservicesb2b.com.br/Installment","http://gwpg-proxyloja.vmcommerce.intra/proxy/WebObjects/proxy.woa/ws/ProxyWebservice","http://gwpg-proxyloja.vmcommerce.intra"
29,"WS B2B Order","com.br/Order","http://webservicesb2b.com.br/Order","http://gwpg-proxyloja.vmcommerce.intra/proxy/WebObjects/proxy.woa/ws/ProxyWebservice","http://gwpg-proxyloja.vmcommerce.intra"
30,"WS B2B Freight","com.br/Freight","http://webservicesb2b.com.br/Freight","http://gwpg-proxyloja.vmcommerce.intra/proxy/WebObjects/proxy.woa/ws/ProxyWebservice","http://gwpg-proxyloja.vmcommerce.intra"
31,"CalculoPricing","Pricing","http://pricing","http://gwpg-proxyloja.vmcommerce.intra/proxy/WebObjects/proxy.woa/ws/ProxyWebservice","http://gwpg-proxyloja.vmcommerce.intra"
32,"WalMartSite44","134.25.44",,"http://gwpg-proxyloja.vmcommerce.intra/proxy/WebObjects/proxy.woa/ws/ProxyWebservice","http://gwpg-proxyloja.vmcommerce.intra"
33,"WalMartSite25.7","134.25.7",,"http://gwpg-proxyloja.vmcommerce.intra/proxy/WebObjects/proxy.woa/ws/ProxyWebservice","http://gwpg-proxyloja.vmcommerce.intra"
34,"WalMartSite25.9","134.25.9",,"http://gwpg-proxyloja.vmcommerce.intra/proxy/WebObjects/proxy.woa/ws/ProxyWebservice","http://gwpg-proxyloja.vmcommerce.intra"
35,"WalMartSite25.11","134.25.11",,"http://gwpg-proxyloja.vmcommerce.intra/proxy/WebObjects/proxy.woa/ws/ProxyWebservice","http://gwpg-proxyloja.vmcommerce.intra"
36,"WalMartAdmin247","134.16.247","http://www.atendimento.wmxp.com.br/","http://gwpg-proxyloja.vmcommerce.intra/proxy/WebObjects/proxy.woa/ws/ProxyWebservice","http://gwpg-proxyloja.vmcommerce.intra"
37,"WalMartSite","134.25.21",,"http://gwpg-proxyloja.vmcommerce.intra/proxy/WebObjects/proxy.woa/ws/ProxyWebservice","http://gwpg-proxyloja.vmcommerce.intra"
39,"WalMartSite25.22","134.25.22",,"http://gwpg-proxyloja.vmcommerce.intra/proxy/WebObjects/proxy.woa/ws/ProxyWebservice","http://gwpg-proxyloja.vmcommerce.intra"
40,"WalMartSite25.27","134.25.27",,"http://gwpg-proxyloja.vmcommerce.intra/proxy/WebObjects/proxy.woa/ws/ProxyWebservice","http://gwpg-proxyloja.vmcommerce.intra"
41,"WalMartB2B","www.walmartb2b.com.br","http://www.walmartb2b.com.br","http://gwpg-proxyloja.vmcommerce.intra/proxy/WebObjects/proxy.woa/ws/ProxyWebservice","http://gwpg-proxyloja.vmcommerce.intra"
42,"WalMartSite25102","134.25.102",,"http://gwpg-proxyloja.vmcommerce.intra/proxy/WebObjects/proxy.woa/ws/ProxyWebservice","http://gwpg-proxyloja.vmcommerce.intra"
43,"WalMartSite25.103","134.25.103",,"http://gwpg-proxyloja.vmcommerce.intra/proxy/WebObjects/proxy.woa/ws/ProxyWebservice","http://gwpg-proxyloja.vmcommerce.intra"
44,"WalMartSite25.106","134.25.106",,"http://gwpg-proxyloja.vmcommerce.intra/proxy/WebObjects/proxy.woa/ws/ProxyWebservice","http://gwpg-proxyloja.vmcommerce.intra"
45,"WalMartSite25.105","134.25.105",,"http://gwpg-proxyloja.vmcommerce.intra/proxy/WebObjects/proxy.woa/ws/ProxyWebservice","http://gwpg-proxyloja.vmcommerce.intra"
46,"WalMartSite25.104","134.25.104",,"http://gwpg-proxyloja.vmcommerce.intra/proxy/WebObjects/proxy.woa/ws/ProxyWebservice","http://gwpg-proxyloja.vmcommerce.intra"
47,"WalMartSite25.108","134.25.108",,"http://gwpg-proxyloja.vmcommerce.intra/proxy/WebObjects/proxy.woa/ws/ProxyWebservice","http://gwpg-proxyloja.vmcommerce.intra"
48,"WalMartSite16.30","134.16.30",,"http://gwpg-proxyloja.vmcommerce.intra/proxy/WebObjects/proxy.woa/ws/ProxyWebservice","http://gwpg-proxyloja.vmcommerce.intra"
49,"WalMartSite25.31","134.25.31",,"http://gwpg-proxyloja.vmcommerce.intra/proxy/WebObjects/proxy.woa/ws/ProxyWebservice","http://gwpg-proxyloja.vmcommerce.intra"
50,"WalMartSite25.75","134.25.75",,"http://gwpg-proxyloja.vmcommerce.intra/proxy/WebObjects/proxy.woa/ws/ProxyWebservice","http://gwpg-proxyloja.vmcommerce.intra"
51,"WalMartSite25.76","134.25.76",,"http://gwpg-proxyloja.vmcommerce.intra/proxy/WebObjects/proxy.woa/ws/ProxyWebservice","http://gwpg-proxyloja.vmcommerce.intra"
52,"WalMartSite25.78","134.25.78",,"http://gwpg-proxyloja.vmcommerce.intra/proxy/WebObjects/proxy.woa/ws/ProxyWebservice","http://gwpg-proxyloja.vmcommerce.intra"
53,"WalMartSite25.10","134.25.10",,"http://gwpg-proxyloja.vmcommerce.intra/proxy/WebObjects/proxy.woa/ws/ProxyWebservice","http://gwpg-proxyloja.vmcommerce.intra"
54,"WalMartSite25.59","134.25.59",,"http://gwpg-proxyloja.vmcommerce.intra/proxy/WebObjects/proxy.woa/ws/ProxyWebservice","http://gwpg-proxyloja.vmcommerce.intra"
55,"WalMartSite25.60","134.25.60",,"http://gwpg-proxyloja.vmcommerce.intra/proxy/WebObjects/proxy.woa/ws/ProxyWebservice","http://gwpg-proxyloja.vmcommerce.intra"
56,"WalMartSite25.61","134.25.61",,"http://gwpg-proxyloja.vmcommerce.intra/proxy/WebObjects/proxy.woa/ws/ProxyWebservice","http://gwpg-proxyloja.vmcommerce.intra"
57,"WalMartSite25.62","134.25.62",,"http://gwpg-proxyloja.vmcommerce.intra/proxy/WebObjects/proxy.woa/ws/ProxyWebservice","http://gwpg-proxyloja.vmcommerce.intra"
58,"WalMartSite25.63","134.25.63",,"http://gwpg-proxyloja.vmcommerce.intra/proxy/WebObjects/proxy.woa/ws/ProxyWebservice","http://gwpg-proxyloja.vmcommerce.intra"
59,"WalMartSite25.64","134.25.64",,"http://gwpg-proxyloja.vmcommerce.intra/proxy/WebObjects/proxy.woa/ws/ProxyWebservice","http://gwpg-proxyloja.vmcommerce.intra"
60,"WalMartSite25.65","134.25.65",,"http://gwpg-proxyloja.vmcommerce.intra/proxy/WebObjects/proxy.woa/ws/ProxyWebservice","http://gwpg-proxyloja.vmcommerce.intra"
61,"WalMartSite25.66","134.25.66",,"http://gwpg-proxyloja.vmcommerce.intra/proxy/WebObjects/proxy.woa/ws/ProxyWebservice","http://gwpg-proxyloja.vmcommerce.intra"
62,"WalMartSite25.67","134.25.67",,"http://gwpg-proxyloja.vmcommerce.intra/proxy/WebObjects/proxy.woa/ws/ProxyWebservice","http://gwpg-proxyloja.vmcommerce.intra"
63,"WalMartSite25.68","134.25.68",,"http://gwpg-proxyloja.vmcommerce.intra/proxy/WebObjects/proxy.woa/ws/ProxyWebservice","http://gwpg-proxyloja.vmcommerce.intra"
64,"WalMartSite25.69","134.25.69",,"http://gwpg-proxyloja.vmcommerce.intra/proxy/WebObjects/proxy.woa/ws/ProxyWebservice","http://gwpg-proxyloja.vmcommerce.intra"
65,"WalMartSite25.110","134.25.110",,"http://gwpg-proxyloja.vmcommerce.intra/proxy/WebObjects/proxy.woa/ws/ProxyWebservice","http://gwpg-proxyloja.vmcommerce.intra"
66,"WalMartSite25.109","134.25.109",,"http://gwpg-proxyloja.vmcommerce.intra/proxy/WebObjects/proxy.woa/ws/ProxyWebservice","http://gwpg-proxyloja.vmcommerce.intra"
67,"Bradescard","bradescocartoescompras.com.br","http://www.bradescocartoescompras.com.br","http://gwpg-proxyloja.vmcommerce.intra/proxy/WebObjects/proxy.woa/ws/ProxyWebservice","http://gwpg-proxyloja.vmcommerce.intra"
68,"Premmia","premmia.walmartb2b.com.br","http://www.premmia.walmartb2b.com.br","http://gwpg-proxyloja.vmcommerce.intra/proxy/WebObjects/proxy.woa/ws/ProxyWebservice","http://gwpg-proxyloja.vmcommerce.intra"
69,"WalMartBalance2","142.197.211","http://www.walmart.com.br","http://gwpg-proxyloja.vmcommerce.intra/proxy/WebObjects/proxy.woa/ws/ProxyWebservice","http://gwpg-proxyloja.vmcommerce.intra"
70,"WalMartBalance?","125.153.212","http://www.walmart.com.br","http://gwpg-proxyloja.vmcommerce.intra/proxy/WebObjects/proxy.woa/ws/ProxyWebservice","http://gwpg-proxyloja.vmcommerce.intra"
71,"Wallmart","wallmart","http://www.walmart.com.br","http://gwpg-proxyloja.vmcommerce.intra/proxy/WebObjects/proxy.woa/ws/ProxyWebservice","http://gwpg-proxyloja.vmcommerce.intra"
72,"WalMartBalance??","125.153.211","http://www.walmart.com.br","http://gwpg-proxyloja.vmcommerce.intra/proxy/WebObjects/proxy.woa/ws/ProxyWebservice","http://gwpg-proxyloja.vmcommerce.intra"
73,"Walmart","walmart","http://www.walmart.com.br","http://gwpg-proxyloja.vmcommerce.intra/proxy/WebObjects/proxy.woa/ws/ProxyWebservice","http://gwpg-proxyloja.vmcommerce.intra"
74,"WalMartSite25.83","134.25.83",,"http://gwpg-proxyloja.vmcommerce.intra/proxy/WebObjects/proxy.woa/ws/ProxyWebservice","http://gwpg-proxyloja.vmcommerce.intra"
75,"WalMartSite25.84","134.25.84",,"http://gwpg-proxyloja.vmcommerce.intra/proxy/WebObjects/proxy.woa/ws/ProxyWebservice","http://gwpg-proxyloja.vmcommerce.intra"
76,"WalMartSite25.77","134.25.77",,"http://gwpg-proxyloja.vmcommerce.intra/proxy/WebObjects/proxy.woa/ws/ProxyWebservice","http://gwpg-proxyloja.vmcommerce.intra"
77,"WalMartSite25.85","134.25.85",,"http://gwpg-proxyloja.vmcommerce.intra/proxy/WebObjects/proxy.woa/ws/ProxyWebservice","http://gwpg-proxyloja.vmcommerce.intra"
78,"WalMartSite25.86","134.25.86",,"http://gwpg-proxyloja.vmcommerce.intra/proxy/WebObjects/proxy.woa/ws/ProxyWebservice","http://gwpg-proxyloja.vmcommerce.intra"
79,"WalMartSite25.81","134.25.81",,"http://gwpg-proxyloja.vmcommerce.intra/proxy/WebObjects/proxy.woa/ws/ProxyWebservice","http://gwpg-proxyloja.vmcommerce.intra"
80,"WalMartSite17.169","134.17.169",,"http://gwpg-proxyloja.vmcommerce.intra/proxy/WebObjects/proxy.woa/ws/ProxyWebservice","http://gwpg-proxyloja.vmcommerce.intra"
81,"WalMartSite25.99","134.25.99",,"http://gwpg-proxyloja.vmcommerce.intra/proxy/WebObjects/proxy.woa/ws/ProxyWebservice","http://gwpg-proxyloja.vmcommerce.intra"
82,"WalMartSite25.100","134.25.100",,"http://gwpg-proxyloja.vmcommerce.intra/proxy/WebObjects/proxy.woa/ws/ProxyWebservice","http://gwpg-proxyloja.vmcommerce.intra"
83,"Admin","134.17.172","http://www.walmart.com.br","http://gwpg-proxyloja.vmcommerce.intra/proxy/WebObjects/proxy.woa/ws/ProxyWebservice","http://gwpg-proxyloja.vmcommerce.intra"
84,"WalMartSite25.89","134.25.89",,"http://gwpg-proxyloja.vmcommerce.intra/proxy/WebObjects/proxy.woa/ws/ProxyWebservice","http://gwpg-proxyloja.vmcommerce.intra"
85,"WalMartSite25.90","134.25.90",,"http://gwpg-proxyloja.vmcommerce.intra/proxy/WebObjects/proxy.woa/ws/ProxyWebservice","http://gwpg-proxyloja.vmcommerce.intra"
86,"WalMartSite25.91","134.25.91",,"http://gwpg-proxyloja.vmcommerce.intra/proxy/WebObjects/proxy.woa/ws/ProxyWebservice","http://gwpg-proxyloja.vmcommerce.intra"
87,"WalMartSite25.92","134.25.92",,"http://gwpg-proxyloja.vmcommerce.intra/proxy/WebObjects/proxy.woa/ws/ProxyWebservice","http://gwpg-proxyloja.vmcommerce.intra"
88,"WalMartSite25.93","134.25.93",,"http://gwpg-proxyloja.vmcommerce.intra/proxy/WebObjects/proxy.woa/ws/ProxyWebservice","http://gwpg-proxyloja.vmcommerce.intra"
89,"WalMartSite25.94","134.25.94",,"http://gwpg-proxyloja.vmcommerce.intra/proxy/WebObjects/proxy.woa/ws/ProxyWebservice","http://gwpg-proxyloja.vmcommerce.intra"
90,"WalMartSite25.95","134.25.95",,"http://gwpg-proxyloja.vmcommerce.intra/proxy/WebObjects/proxy.woa/ws/ProxyWebservice","http://gwpg-proxyloja.vmcommerce.intra"
91,"WalMartSite25.96","134.25.96",,"http://gwpg-proxyloja.vmcommerce.intra/proxy/WebObjects/proxy.woa/ws/ProxyWebservice","http://gwpg-proxyloja.vmcommerce.intra"
92,"WalMartSite25.97","134.25.97",,"http://gwpg-proxyloja.vmcommerce.intra/proxy/WebObjects/proxy.woa/ws/ProxyWebservice","http://gwpg-proxyloja.vmcommerce.intra"
93,"WalMartSite25.98","134.25.98",,"http://gwpg-proxyloja.vmcommerce.intra/proxy/WebObjects/proxy.woa/ws/ProxyWebservice","http://gwpg-proxyloja.vmcommerce.intra"
94,"WalMartSite25.87","134.25.87",,"http://gwpg-proxyloja.vmcommerce.intra/proxy/WebObjects/proxy.woa/ws/ProxyWebservice","http://gwpg-proxyloja.vmcommerce.intra"
95,"WalMartSite25.88","134.25.88",,"http://gwpg-proxyloja.vmcommerce.intra/proxy/WebObjects/proxy.woa/ws/ProxyWebservice","http://gwpg-proxyloja.vmcommerce.intra"
96,"WalMartSite25.107","134.25.107",,"http://gwpg-proxyloja.vmcommerce.intra/proxy/WebObjects/proxy.woa/ws/ProxyWebservice","http://gwpg-proxyloja.vmcommerce.intra"
98,"WalMartSite25.111","134.25.111",,"http://gwpg-proxyloja.vmcommerce.intra/proxy/WebObjects/proxy.woa/ws/ProxyWebservice","http://gwpg-proxyloja.vmcommerce.intra"
99,"WalMartSite25.112","134.25.112",,"http://gwpg-proxyloja.vmcommerce.intra/proxy/WebObjects/proxy.woa/ws/ProxyWebservice","http://gwpg-proxyloja.vmcommerce.intra"
100,"WalMartSite","com.br","http://www.walmart.com.br","http://gwpg-proxyloja.vmcommerce.intra/proxy/WebObjects/proxy.woa/ws/ProxyWebservice","http://gwpg-proxyloja.vmcommerce.intra"
101,"WalmartSiteXXX","134.25.38",,"http://gwpg-proxyloja.vmcommerce.intra/proxy/WebObjects/proxy.woa/ws/ProxyWebservice","http://gwpg-proxyloja.vmcommerce.intra"
102,"Napsao-webstore1","134.25.38",,"http://gwpg-proxyloja.vmcommerce.intra/proxy/WebObjects/proxy.woa/ws/ProxyWebservice","http://gwpg-proxyloja.vmcommerce.intra"
103,"Napsao-webstore2","134.25.39",,"http://gwpg-proxyloja.vmcommerce.intra/proxy/WebObjects/proxy.woa/ws/ProxyWebservice","http://gwpg-proxyloja.vmcommerce.intra"
104,"Napsao-webstore3","134.25.40",,"http://gwpg-proxyloja.vmcommerce.intra/proxy/WebObjects/proxy.woa/ws/ProxyWebservice","http://gwpg-proxyloja.vmcommerce.intra"
105,"Napsao-webstore4","134.25.41",,"http://gwpg-proxyloja.vmcommerce.intra/proxy/WebObjects/proxy.woa/ws/ProxyWebservice","http://gwpg-proxyloja.vmcommerce.intra"
106,"Napsao-webstore5","134.25.42",,"http://gwpg-proxyloja.vmcommerce.intra/proxy/WebObjects/proxy.woa/ws/ProxyWebservice","http://gwpg-proxyloja.vmcommerce.intra"
107,"Napsao-webstore6","134.25.43",,"http://gwpg-proxyloja.vmcommerce.intra/proxy/WebObjects/proxy.woa/ws/ProxyWebservice","http://gwpg-proxyloja.vmcommerce.intra"
108,"Napsao-webstore7","134.25.44",,"http://gwpg-proxyloja.vmcommerce.intra/proxy/WebObjects/proxy.woa/ws/ProxyWebservice","http://gwpg-proxyloja.vmcommerce.intra"
109,"Napsao-webstore8","134.25.45",,"http://gwpg-proxyloja.vmcommerce.intra/proxy/WebObjects/proxy.woa/ws/ProxyWebservice","http://gwpg-proxyloja.vmcommerce.intra"
110,"Napsao-webstore9","134.25.46",,"http://gwpg-proxyloja.vmcommerce.intra/proxy/WebObjects/proxy.woa/ws/ProxyWebservice","http://gwpg-proxyloja.vmcommerce.intra"
111,"Napsao-webstore10","134.25.47",,"http://gwpg-proxyloja.vmcommerce.intra/proxy/WebObjects/proxy.woa/ws/ProxyWebservice","http://gwpg-proxyloja.vmcommerce.intra"
112,"Napsao-webstore11","134.25.48",,"http://gwpg-proxyloja.vmcommerce.intra/proxy/WebObjects/proxy.woa/ws/ProxyWebservice","http://gwpg-proxyloja.vmcommerce.intra"
113,"Napsao-webstore12","134.25.49",,"http://gwpg-proxyloja.vmcommerce.intra/proxy/WebObjects/proxy.woa/ws/ProxyWebservice","http://gwpg-proxyloja.vmcommerce.intra"
114,"Napsao-webstore13","134.25.50",,"http://gwpg-proxyloja.vmcommerce.intra/proxy/WebObjects/proxy.woa/ws/ProxyWebservice","http://gwpg-proxyloja.vmcommerce.intra"
115,"Napsao-webstore14","134.25.51",,"http://gwpg-proxyloja.vmcommerce.intra/proxy/WebObjects/proxy.woa/ws/ProxyWebservice","http://gwpg-proxyloja.vmcommerce.intra"
116,"Napsao-webstore15","134.25.52",,"http://gwpg-proxyloja.vmcommerce.intra/proxy/WebObjects/proxy.woa/ws/ProxyWebservice","http://gwpg-proxyloja.vmcommerce.intra"
117,"Napsao-webstore16","134.25.53",,"http://gwpg-proxyloja.vmcommerce.intra/proxy/WebObjects/proxy.woa/ws/ProxyWebservice","http://gwpg-proxyloja.vmcommerce.intra"
118,"Napsao-webstore17","134.25.54",,"http://gwpg-proxyloja.vmcommerce.intra/proxy/WebObjects/proxy.woa/ws/ProxyWebservice","http://gwpg-proxyloja.vmcommerce.intra"
119,"Napsao-webstore18","134.25.55",,"http://gwpg-proxyloja.vmcommerce.intra/proxy/WebObjects/proxy.woa/ws/ProxyWebservice","http://gwpg-proxyloja.vmcommerce.intra"
120,"Napsao-webstore19","134.25.56",,"http://gwpg-proxyloja.vmcommerce.intra/proxy/WebObjects/proxy.woa/ws/ProxyWebservice","http://gwpg-proxyloja.vmcommerce.intra"
121,"Napsao-webstore20","134.25.57",,"http://gwpg-proxyloja.vmcommerce.intra/proxy/WebObjects/proxy.woa/ws/ProxyWebservice","http://gwpg-proxyloja.vmcommerce.intra"
122,"Napsao-webstore21","134.25.58",,"http://gwpg-proxyloja.vmcommerce.intra/proxy/WebObjects/proxy.woa/ws/ProxyWebservice","http://gwpg-proxyloja.vmcommerce.intra"
123,"Napsao-webstore22","134.25.59",,"http://gwpg-proxyloja.vmcommerce.intra/proxy/WebObjects/proxy.woa/ws/ProxyWebservice","http://gwpg-proxyloja.vmcommerce.intra"
124,"Napsao-webstore23","134.25.60",,"http://gwpg-proxyloja.vmcommerce.intra/proxy/WebObjects/proxy.woa/ws/ProxyWebservice","http://gwpg-proxyloja.vmcommerce.intra"
125,"Napsao-webstore24","134.25.61",,"http://gwpg-proxyloja.vmcommerce.intra/proxy/WebObjects/proxy.woa/ws/ProxyWebservice","http://gwpg-proxyloja.vmcommerce.intra"
126,"Napsao-webstore25","134.25.62",,"http://gwpg-proxyloja.vmcommerce.intra/proxy/WebObjects/proxy.woa/ws/ProxyWebservice","http://gwpg-proxyloja.vmcommerce.intra"
127,"Napsao-webstore26","134.25.63",,"http://gwpg-proxyloja.vmcommerce.intra/proxy/WebObjects/proxy.woa/ws/ProxyWebservice","http://gwpg-proxyloja.vmcommerce.intra"
128,"Napsao-webstore27","134.25.64",,"http://gwpg-proxyloja.vmcommerce.intra/proxy/WebObjects/proxy.woa/ws/ProxyWebservice","http://gwpg-proxyloja.vmcommerce.intra"
129,"Napsao-webstore28","134.25.65",,"http://gwpg-proxyloja.vmcommerce.intra/proxy/WebObjects/proxy.woa/ws/ProxyWebservice","http://gwpg-proxyloja.vmcommerce.intra"
130,"Napsao-webstore29","134.25.66",,"http://gwpg-proxyloja.vmcommerce.intra/proxy/WebObjects/proxy.woa/ws/ProxyWebservice","http://gwpg-proxyloja.vmcommerce.intra"
131,"Napsao-webstore30","134.25.67",,"http://gwpg-proxyloja.vmcommerce.intra/proxy/WebObjects/proxy.woa/ws/ProxyWebservice","http://gwpg-proxyloja.vmcommerce.intra"
132,"Napsao-webstore31","134.25.68",,"http://gwpg-proxyloja.vmcommerce.intra/proxy/WebObjects/proxy.woa/ws/ProxyWebservice","http://gwpg-proxyloja.vmcommerce.intra"
133,"VIPTerremarkCarrinho","209.161.70",,"http://gwpg-proxyloja.vmcommerce.intra/proxy/WebObjects/proxy.woa/ws/ProxyWebservice","http://gwpg-proxyloja.vmcommerce.intra"
134,"VIPTerremarkCatalogo","209.161.68",,"http://gwpg-proxyloja.vmcommerce.intra/proxy/WebObjects/proxy.woa/ws/ProxyWebservice","http://gwpg-proxyloja.vmcommerce.intra"
135,"WalMartSite25.23","134.25.23",,"http://gwpg-proxyloja.vmcommerce.intra/proxy/WebObjects/proxy.woa/ws/ProxyWebservice","http://gwpg-proxyloja.vmcommerce.intra"
136,"WalMartSite25.24","134.25.24",,"http://gwpg-proxyloja.vmcommerce.intra/proxy/WebObjects/proxy.woa/ws/ProxyWebservice","http://gwpg-proxyloja.vmcommerce.intra"
137,"WalMartSite25.28","134.25.28",,"http://gwpg-proxyloja.vmcommerce.intra/proxy/WebObjects/proxy.woa/ws/ProxyWebservice","http://gwpg-proxyloja.vmcommerce.intra"
138,"WalMartSite25.29","134.25.29",,"http://gwpg-proxyloja.vmcommerce.intra/proxy/WebObjects/proxy.woa/ws/ProxyWebservice","http://gwpg-proxyloja.vmcommerce.intra"
139,"WalMartSite25.2'6","134.25.26",,"http://gwpg-proxyloja.vmcommerce.intra/proxy/WebObjects/proxy.woa/ws/ProxyWebservice","http://gwpg-proxyloja.vmcommerce.intra"
140,"naosao-win-car32","134.32.200",,"http://gwpg-proxyloja.vmcommerce.intra/proxy/WebObjects/proxy.woa/ws/ProxyWebservice","http://gwpg-proxyloja.vmcommerce.intra"
141,"naosao-win-car33","134.32.201",,"http://gwpg-proxyloja.vmcommerce.intra/proxy/WebObjects/proxy.woa/ws/ProxyWebservice","http://gwpg-proxyloja.vmcommerce.intra"
142,"naosao-win-car34","134.32.202",,"http://gwpg-proxyloja.vmcommerce.intra/proxy/WebObjects/proxy.woa/ws/ProxyWebservice","http://gwpg-proxyloja.vmcommerce.intra"
143,"naosao-win-car35","134.32.203",,"http://gwpg-proxyloja.vmcommerce.intra/proxy/WebObjects/proxy.woa/ws/ProxyWebservice","http://gwpg-proxyloja.vmcommerce.intra"
144,"naosao-win-car36","134.32.204",,"http://gwpg-proxyloja.vmcommerce.intra/proxy/WebObjects/proxy.woa/ws/ProxyWebservice","http://gwpg-proxyloja.vmcommerce.intra"
145,"naosao-win-car37","134.32.205",,"http://gwpg-proxyloja.vmcommerce.intra/proxy/WebObjects/proxy.woa/ws/ProxyWebservice","http://gwpg-proxyloja.vmcommerce.intra"
146,"naosao-win-car38","134.32.206",,"http://gwpg-proxyloja.vmcommerce.intra/proxy/WebObjects/proxy.woa/ws/ProxyWebservice","http://gwpg-proxyloja.vmcommerce.intra"
147,"naosao-win-car39","134.32.207",,"http://gwpg-proxyloja.vmcommerce.intra/proxy/WebObjects/proxy.woa/ws/ProxyWebservice","http://gwpg-proxyloja.vmcommerce.intra"
148,"naosao-win-car40","134.32.208",,"http://gwpg-proxyloja.vmcommerce.intra/proxy/WebObjects/proxy.woa/ws/ProxyWebservice","http://gwpg-proxyloja.vmcommerce.intra"
149,"naosao-win-car41","134.32.209",,"http://gwpg-proxyloja.vmcommerce.intra/proxy/WebObjects/proxy.woa/ws/ProxyWebservice","http://gwpg-proxyloja.vmcommerce.intra"
150,"naosao-win-car42","134.32.210",,"http://gwpg-proxyloja.vmcommerce.intra/proxy/WebObjects/proxy.woa/ws/ProxyWebservice","http://gwpg-proxyloja.vmcommerce.intra"
151,"naosao-win-car43","134.32.211",,"http://gwpg-proxyloja.vmcommerce.intra/proxy/WebObjects/proxy.woa/ws/ProxyWebservice","http://gwpg-proxyloja.vmcommerce.intra"
152,"naosao-win-car44","134.32.212",,"http://gwpg-proxyloja.vmcommerce.intra/proxy/WebObjects/proxy.woa/ws/ProxyWebservice","http://gwpg-proxyloja.vmcommerce.intra"
153,"naosao-win-car45","134.32.213",,"http://gwpg-proxyloja.vmcommerce.intra/proxy/WebObjects/proxy.woa/ws/ProxyWebservice","http://gwpg-proxyloja.vmcommerce.intra"
154,"naosao-win-car46","134.32.214",,"http://gwpg-proxyloja.vmcommerce.intra/proxy/WebObjects/proxy.woa/ws/ProxyWebservice","http://gwpg-proxyloja.vmcommerce.intra"
155,"naosao-win-car47","134.32.215",,"http://gwpg-proxyloja.vmcommerce.intra/proxy/WebObjects/proxy.woa/ws/ProxyWebservice","http://gwpg-proxyloja.vmcommerce.intra"
156,"naosao-win-car48","134.32.216",,"http://gwpg-proxyloja.vmcommerce.intra/proxy/WebObjects/proxy.woa/ws/ProxyWebservice","http://gwpg-proxyloja.vmcommerce.intra"
157,"naosao-win-car49","134.32.217",,"http://gwpg-proxyloja.vmcommerce.intra/proxy/WebObjects/proxy.woa/ws/ProxyWebservice","http://gwpg-proxyloja.vmcommerce.intra"
158,"naosao-win-car50","134.32.218",,"http://gwpg-proxyloja.vmcommerce.intra/proxy/WebObjects/proxy.woa/ws/ProxyWebservice","http://gwpg-proxyloja.vmcommerce.intra"
159,"naosao-win-car51","134.32.219",,"http://gwpg-proxyloja.vmcommerce.intra/proxy/WebObjects/proxy.woa/ws/ProxyWebservice","http://gwpg-proxyloja.vmcommerce.intra"
160,"NAPSAO-W-CAR52","134.32.220",,"http://gwpg-proxyloja.vmcommerce.intra/proxy/WebObjects/proxy.woa/ws/ProxyWebservice","http://gwpg-proxyloja.vmcommerce.intra"
161,"NAPSAO-W-CAR53","134.32.221",,"http://gwpg-proxyloja.vmcommerce.intra/proxy/WebObjects/proxy.woa/ws/ProxyWebservice","http://gwpg-proxyloja.vmcommerce.intra"
162,"NAPSAO-W-CAR54","134.32.222",,"http://gwpg-proxyloja.vmcommerce.intra/proxy/WebObjects/proxy.woa/ws/ProxyWebservice","http://gwpg-proxyloja.vmcommerce.intra"
163,"NAPSAO-W-CAR55","134.32.223",,"http://gwpg-proxyloja.vmcommerce.intra/proxy/WebObjects/proxy.woa/ws/ProxyWebservice","http://gwpg-proxyloja.vmcommerce.intra"
164,"NAPSAO-W-CAR56","134.32.224",,"http://gwpg-proxyloja.vmcommerce.intra/proxy/WebObjects/proxy.woa/ws/ProxyWebservice","http://gwpg-proxyloja.vmcommerce.intra"
165,"NAPSAO-W-CAR57","134.32.225",,"http://gwpg-proxyloja.vmcommerce.intra/proxy/WebObjects/proxy.woa/ws/ProxyWebservice","http://gwpg-proxyloja.vmcommerce.intra"
166,"NAPSAO-W-CAR58","134.32.226",,"http://gwpg-proxyloja.vmcommerce.intra/proxy/WebObjects/proxy.woa/ws/ProxyWebservice","http://gwpg-proxyloja.vmcommerce.intra"
167,"NAPSAO-W-CAR59","134.32.227",,"http://gwpg-proxyloja.vmcommerce.intra/proxy/WebObjects/proxy.woa/ws/ProxyWebservice","http://gwpg-proxyloja.vmcommerce.intra"
168,"NAPSAO-W-CAR60","134.32.228",,"http://gwpg-proxyloja.vmcommerce.intra/proxy/WebObjects/proxy.woa/ws/ProxyWebservice","http://gwpg-proxyloja.vmcommerce.intra"
169,"NAPSAO-W-CAR61","134.32.229",,"http://gwpg-proxyloja.vmcommerce.intra/proxy/WebObjects/proxy.woa/ws/ProxyWebservice","http://gwpg-proxyloja.vmcommerce.intra"
170,"NAPSAO-W-CAR62","134.32.230",,"http://gwpg-proxyloja.vmcommerce.intra/proxy/WebObjects/proxy.woa/ws/ProxyWebservice","http://gwpg-proxyloja.vmcommerce.intra"
171,"NAPSAO-W-CAR63","134.32.231",,"http://gwpg-proxyloja.vmcommerce.intra/proxy/WebObjects/proxy.woa/ws/ProxyWebservice","http://gwpg-proxyloja.vmcommerce.intra"
172,"NAPSAO-W-CAR64","134.32.232",,"http://gwpg-proxyloja.vmcommerce.intra/proxy/WebObjects/proxy.woa/ws/ProxyWebservice","http://gwpg-proxyloja.vmcommerce.intra"
173,"NAPSAO-W-CAR65","134.32.233",,"http://gwpg-proxyloja.vmcommerce.intra/proxy/WebObjects/proxy.woa/ws/ProxyWebservice","http://gwpg-proxyloja.vmcommerce.intra"
174,"NAPSAO-W-CAR66","134.32.234",,"http://gwpg-proxyloja.vmcommerce.intra/proxy/WebObjects/proxy.woa/ws/ProxyWebservice","http://gwpg-proxyloja.vmcommerce.intra"
175,"NAPSAO-W-CAR67","134.32.235",,"http://gwpg-proxyloja.vmcommerce.intra/proxy/WebObjects/proxy.woa/ws/ProxyWebservice","http://gwpg-proxyloja.vmcommerce.intra"
176,"NAPSAO-W-CAR68","134.32.236",,"http://gwpg-proxyloja.vmcommerce.intra/proxy/WebObjects/proxy.woa/ws/ProxyWebservice","http://gwpg-proxyloja.vmcommerce.intra"
177,"NAPSAO-W-CAR69","134.32.237",,"http://gwpg-proxyloja.vmcommerce.intra/proxy/WebObjects/proxy.woa/ws/ProxyWebservice","http://gwpg-proxyloja.vmcommerce.intra"
178,"NAPSAO-W-CAR70","134.32.238",,"http://gwpg-proxyloja.vmcommerce.intra/proxy/WebObjects/proxy.woa/ws/ProxyWebservice","http://gwpg-proxyloja.vmcommerce.intra"
179,"NAPSAO-W-CAR71","134.32.239",,"http://gwpg-proxyloja.vmcommerce.intra/proxy/WebObjects/proxy.woa/ws/ProxyWebservice","http://gwpg-proxyloja.vmcommerce.intra"
180,"NAPSAO-W-CAR72","134.32.240",,"http://gwpg-proxyloja.vmcommerce.intra/proxy/WebObjects/proxy.woa/ws/ProxyWebservice","http://gwpg-proxyloja.vmcommerce.intra"
181,"NAPSAO-W-CAR73","134.32.241",,"http://gwpg-proxyloja.vmcommerce.intra/proxy/WebObjects/proxy.woa/ws/ProxyWebservice","http://gwpg-proxyloja.vmcommerce.intra"
182,"NAPSAO-W-CAR74","134.32.242",,"http://gwpg-proxyloja.vmcommerce.intra/proxy/WebObjects/proxy.woa/ws/ProxyWebservice","http://gwpg-proxyloja.vmcommerce.intra"
183,"NAPSAO-W-CAR75","134.32.243",,"http://gwpg-proxyloja.vmcommerce.intra/proxy/WebObjects/proxy.woa/ws/ProxyWebservice","http://gwpg-proxyloja.vmcommerce.intra"
184,"NAPSAO-W-CAR76","134.32.244",,"http://gwpg-proxyloja.vmcommerce.intra/proxy/WebObjects/proxy.woa/ws/ProxyWebservice","http://gwpg-proxyloja.vmcommerce.intra"
185,"NAPSAO-W-CAR77","134.32.245",,"http://gwpg-proxyloja.vmcommerce.intra/proxy/WebObjects/proxy.woa/ws/ProxyWebservice","http://gwpg-proxyloja.vmcommerce.intra"
186,"NAPSAO-W-CAR78","134.32.246",,"http://gwpg-proxyloja.vmcommerce.intra/proxy/WebObjects/proxy.woa/ws/ProxyWebservice","http://gwpg-proxyloja.vmcommerce.intra"
187,"NAPSAO-W-CAR79","134.32.247",,"http://gwpg-proxyloja.vmcommerce.intra/proxy/WebObjects/proxy.woa/ws/ProxyWebservice","http://gwpg-proxyloja.vmcommerce.intra"
192,"NAPSAO-W-CAR85","134.35.35",,"http://gwpg-proxyloja.vmcommerce.intra/proxy/WebObjects/proxy.woa/ws/ProxyWebservice","http://gwpg-proxyloja.vmcommerce.intra"
193,"NAPSAO-W-CAR86","134.35.36",,"http://gwpg-proxyloja.vmcommerce.intra/proxy/WebObjects/proxy.woa/ws/ProxyWebservice","http://gwpg-proxyloja.vmcommerce.intra"
194,"NAPSAO-W-CAR87","134.35.37",,"http://gwpg-proxyloja.vmcommerce.intra/proxy/WebObjects/proxy.woa/ws/ProxyWebservice","http://gwpg-proxyloja.vmcommerce.intra"
195,"NAPSAO-W-CAR88","134.35.38",,"http://gwpg-proxyloja.vmcommerce.intra/proxy/WebObjects/proxy.woa/ws/ProxyWebservice","http://gwpg-proxyloja.vmcommerce.intra"
197,"NAPSAO-W-CAR89","134.35.39",,"http://gwpg-proxyloja.vmcommerce.intra/proxy/WebObjects/proxy.woa/ws/ProxyWebservice","http://gwpg-proxyloja.vmcommerce.intra"
198,"NAPSAO-W-CAR90","134.35.40",,"http://gwpg-proxyloja.vmcommerce.intra/proxy/WebObjects/proxy.woa/ws/ProxyWebservice","http://gwpg-proxyloja.vmcommerce.intra"
199,"NAPSAO-W-CAR91","134.35.41",,"http://gwpg-proxyloja.vmcommerce.intra/proxy/WebObjects/proxy.woa/ws/ProxyWebservice","http://gwpg-proxyloja.vmcommerce.intra"
200,"NAPSAO-W-CAR84","134.32.252",,"http://gwpg-proxyloja.vmcommerce.intra/proxy/WebObjects/proxy.woa/ws/ProxyWebservice","http://gwpg-proxyloja.vmcommerce.intra"
203,"NAPSAO-W-CAR80","134.32.248",,"http://gwpg-proxyloja.vmcommerce.intra/proxy/WebObjects/proxy.woa/ws/ProxyWebservice","http://gwpg-proxyloja.vmcommerce.intra"
204,"NAPSAO-W-CAR81","134.32.249",,"http://gwpg-proxyloja.vmcommerce.intra/proxy/WebObjects/proxy.woa/ws/ProxyWebservice","http://gwpg-proxyloja.vmcommerce.intra"
205,"NAPSAO-W-CAR82","134.32.250",,"http://gwpg-proxyloja.vmcommerce.intra/proxy/WebObjects/proxy.woa/ws/ProxyWebservice","http://gwpg-proxyloja.vmcommerce.intra"
206,"NAPSAO-W-CAR83","134.32.251",,"http://gwpg-proxyloja.vmcommerce.intra/proxy/WebObjects/proxy.woa/ws/ProxyWebservice","http://gwpg-proxyloja.vmcommerce.intra"
207,"WalMartAdminTM","134.16.251","http://www.atendimento.wmxp.com.br/","http://gwpg-proxyloja.vmcommerce.intra/proxy/WebObjects/proxy.woa/ws/ProxyWebservice","http://gwpg-proxyloja.vmcommerce.intra"
208,"WalMartAdminTM2","134.16.253","http://www.atendimento.wmxp.com.br/","http://gwpg-proxyloja.vmcommerce.intra/proxy/WebObjects/proxy.woa/ws/ProxyWebservice","http://gwpg-proxyloja.vmcommerce.intra"
209,"napsao-w-car100","134.32.225",,"http://gwpg-proxyloja.vmcommerce.intra/proxy/WebObjects/proxy.woa/ws/ProxyWebservice","http://gwpg-proxyloja.vmcommerce.intra"
210,"napsao-w-car101","134.32.226",,"http://gwpg-proxyloja.vmcommerce.intra/proxy/WebObjects/proxy.woa/ws/ProxyWebservice","http://gwpg-proxyloja.vmcommerce.intra"
211,"napsao-w-car102","134.32.227",,"http://gwpg-proxyloja.vmcommerce.intra/proxy/WebObjects/proxy.woa/ws/ProxyWebservice","http://gwpg-proxyloja.vmcommerce.intra"
212,"napsao-w-car103","134.32.228",,"http://gwpg-proxyloja.vmcommerce.intra/proxy/WebObjects/proxy.woa/ws/ProxyWebservice","http://gwpg-proxyloja.vmcommerce.intra"
213,"napsao-w-car104","134.32.229",,"http://gwpg-proxyloja.vmcommerce.intra/proxy/WebObjects/proxy.woa/ws/ProxyWebservice","http://gwpg-proxyloja.vmcommerce.intra"
214,"napsao-w-car105","134.32.230",,"http://gwpg-proxyloja.vmcommerce.intra/proxy/WebObjects/proxy.woa/ws/ProxyWebservice","http://gwpg-proxyloja.vmcommerce.intra"
215,"napsao-w-car106","134.32.231",,"http://gwpg-proxyloja.vmcommerce.intra/proxy/WebObjects/proxy.woa/ws/ProxyWebservice","http://gwpg-proxyloja.vmcommerce.intra"
216,"napsao-w-car107","134.32.232",,"http://gwpg-proxyloja.vmcommerce.intra/proxy/WebObjects/proxy.woa/ws/ProxyWebservice","http://gwpg-proxyloja.vmcommerce.intra"
217,"napsao-w-car108","134.32.233",,"http://gwpg-proxyloja.vmcommerce.intra/proxy/WebObjects/proxy.woa/ws/ProxyWebservice","http://gwpg-proxyloja.vmcommerce.intra"
218,"napsao-w-car109","134.32.234",,"http://gwpg-proxyloja.vmcommerce.intra/proxy/WebObjects/proxy.woa/ws/ProxyWebservice","http://gwpg-proxyloja.vmcommerce.intra"
219,"admin.walmart.com.br","admin.walmart.com.br",,"http://gwpg-proxyloja.vmcommerce.intra/proxy/WebObjects/proxy.woa/ws/ProxyWebservice","http://gwpg-proxyloja.vmcommerce.intra"
220,"integracaomktp","vmcommerce.intra",,"http://gwpg-proxyloja.vmcommerce.intra/proxy/WebObjects/proxy.woa/ws/ProxyWebservice","http://gwpg-proxyloja.vmcommerce.intra"
221,"Itau - Segmento - Varejo","itau.walmartb2b.com.br","http://www.itau.walmartb2b.com.br","http://gwpg-proxyloja.vmcommerce.intra/proxy/WebObjects/proxy.woa/ws/ProxyWebservice","http://gwpg-proxyloja.vmcommerce.intra"
222,"Itau - Segmento - Personnalite","itaupersonnalite.walmartb2b.com.br","http://www.itaupersonnalite.walmartb2b.com.br","http://gwpg-proxyloja.vmcommerce.intra/proxy/WebObjects/proxy.woa/ws/ProxyWebservice","http://gwpg-proxyloja.vmcommerce.intra"
223,"Itau - Segmento - Black","itaublack.walmartb2b.com.br","http://www.itaublack.walmartb2b.com.br","http://gwpg-proxyloja.vmcommerce.intra/proxy/WebObjects/proxy.woa/ws/ProxyWebservice","http://gwpg-proxyloja.vmcommerce.intra"
224,"Itau - Admin (Garantec)","168.164.91","http://192.168.164.91","http://gwpg-proxyloja.vmcommerce.intra/proxy/WebObjects/proxy.woa/ws/ProxyWebservice","http://gwpg-proxyloja.vmcommerce.intra"
225,"Itau - Tracking","134.63.11","http://10.134.63.11","http://gwpg-proxyloja.vmcommerce.intra/proxy/WebObjects/proxy.woa/ws/ProxyWebservice","http://gwpg-proxyloja.vmcommerce.intra"
226,"WalMartAdmin247","134.50.146","http://www.atendimento.wmxp.com.br/","http://gwpg-proxyloja.vmcommerce.intra/proxy/WebObjects/proxy.woa/ws/ProxyWebservice","http://gwpg-proxyloja.vmcommerce.intra"
227,"WalMartAdmin247","134.50.147","http://www.atendimento.wmxp.com.br/","http://gwpg-proxyloja.vmcommerce.intra/proxy/WebObjects/proxy.woa/ws/ProxyWebservice","http://gwpg-proxyloja.vmcommerce.intra"
228,"WalMartAdmin247","134.50.148","http://www.atendimento.wmxp.com.br/","http://gwpg-proxyloja.vmcommerce.intra/proxy/WebObjects/proxy.woa/ws/ProxyWebservice","http://gwpg-proxyloja.vmcommerce.intra"
229,"WalMartAdmin247","134.50.149","http://www.atendimento.wmxp.com.br/","http://gwpg-proxyloja.vmcommerce.intra/proxy/WebObjects/proxy.woa/ws/ProxyWebservice","http://gwpg-proxyloja.vmcommerce.intra"
230,"WalMartAdminTM2","134.51.7","http://www.walmart.com.br","http://gwpg-proxyloja.vmcommerce.intra/proxy/WebObjects/proxy.woa/ws/ProxyWebservice","http://gwpg-proxyloja.vmcommerce.intra"
231,"napsao-w-car110","134.48.16",,"http://gwpg-proxyloja.vmcommerce.intra/proxy/WebObjects/proxy.woa/ws/ProxyWebservice","http://gwpg-proxyloja.vmcommerce.intra"
232,"10.134.48.17","134.48.17",,"http://gwpg-proxyloja.vmcommerce.intra/proxy/WebObjects/proxy.woa/ws/ProxyWebservice","http://gwpg-proxyloja.vmcommerce.intra"
233,"10.134.48.18","134.48.18",,"http://gwpg-proxyloja.vmcommerce.intra/proxy/WebObjects/proxy.woa/ws/ProxyWebservice","http://gwpg-proxyloja.vmcommerce.intra"
234,"10.134.48.19","134.48.19",,"http://gwpg-proxyloja.vmcommerce.intra/proxy/WebObjects/proxy.woa/ws/ProxyWebservice","http://gwpg-proxyloja.vmcommerce.intra"
235,"10.134.48.20","134.48.20",,"http://gwpg-proxyloja.vmcommerce.intra/proxy/WebObjects/proxy.woa/ws/ProxyWebservice","http://gwpg-proxyloja.vmcommerce.intra"
236,"10.134.48.21","134.48.21",,"http://gwpg-proxyloja.vmcommerce.intra/proxy/WebObjects/proxy.woa/ws/ProxyWebservice","http://gwpg-proxyloja.vmcommerce.intra"
237,"10.134.48.22","134.48.22",,"http://gwpg-proxyloja.vmcommerce.intra/proxy/WebObjects/proxy.woa/ws/ProxyWebservice","http://gwpg-proxyloja.vmcommerce.intra"
238,"10.134.48.23","134.48.23",,"http://gwpg-proxyloja.vmcommerce.intra/proxy/WebObjects/proxy.woa/ws/ProxyWebservice","http://gwpg-proxyloja.vmcommerce.intra"
239,"10.134.48.24","134.48.24",,"http://gwpg-proxyloja.vmcommerce.intra/proxy/WebObjects/proxy.woa/ws/ProxyWebservice","http://gwpg-proxyloja.vmcommerce.intra"
240,"10.134.48.25","134.48.25",,"http://gwpg-proxyloja.vmcommerce.intra/proxy/WebObjects/proxy.woa/ws/ProxyWebservice","http://gwpg-proxyloja.vmcommerce.intra"
241,"10.134.48.26","134.48.26",,"http://gwpg-proxyloja.vmcommerce.intra/proxy/WebObjects/proxy.woa/ws/ProxyWebservice","http://gwpg-proxyloja.vmcommerce.intra"
242,"10.134.48.27","134.48.27",,"http://gwpg-proxyloja.vmcommerce.intra/proxy/WebObjects/proxy.woa/ws/ProxyWebservice","http://gwpg-proxyloja.vmcommerce.intra"
243,"10.134.48.28","134.48.28",,"http://gwpg-proxyloja.vmcommerce.intra/proxy/WebObjects/proxy.woa/ws/ProxyWebservice","http://gwpg-proxyloja.vmcommerce.intra"
244,"10.134.48.29","134.48.29",,"http://gwpg-proxyloja.vmcommerce.intra/proxy/WebObjects/proxy.woa/ws/ProxyWebservice","http://gwpg-proxyloja.vmcommerce.intra"
245,"10.134.48.30","134.48.30",,"http://gwpg-proxyloja.vmcommerce.intra/proxy/WebObjects/proxy.woa/ws/ProxyWebservice","http://gwpg-proxyloja.vmcommerce.intra"
246,"10.134.48.31","134.48.31",,"http://gwpg-proxyloja.vmcommerce.intra/proxy/WebObjects/proxy.woa/ws/ProxyWebservice","http://gwpg-proxyloja.vmcommerce.intra"
247,"10.134.48.32","134.48.32",,"http://gwpg-proxyloja.vmcommerce.intra/proxy/WebObjects/proxy.woa/ws/ProxyWebservice","http://gwpg-proxyloja.vmcommerce.intra"
248,"10.134.48.33","134.48.33",,"http://gwpg-proxyloja.vmcommerce.intra/proxy/WebObjects/proxy.woa/ws/ProxyWebservice","http://gwpg-proxyloja.vmcommerce.intra"
249,"10.134.48.34","134.48.34",,"http://gwpg-proxyloja.vmcommerce.intra/proxy/WebObjects/proxy.woa/ws/ProxyWebservice","http://gwpg-proxyloja.vmcommerce.intra"
250,"10.134.48.35","134.48.35",,"http://gwpg-proxyloja.vmcommerce.intra/proxy/WebObjects/proxy.woa/ws/ProxyWebservice","http://gwpg-proxyloja.vmcommerce.intra"
251,"10.134.48.36","134.48.36",,"http://gwpg-proxyloja.vmcommerce.intra/proxy/WebObjects/proxy.woa/ws/ProxyWebservice","http://gwpg-proxyloja.vmcommerce.intra"
252,"10.134.48.37","134.48.37",,"http://gwpg-proxyloja.vmcommerce.intra/proxy/WebObjects/proxy.woa/ws/ProxyWebservice","http://gwpg-proxyloja.vmcommerce.intra"
253,"10.134.48.38","134.48.38",,"http://gwpg-proxyloja.vmcommerce.intra/proxy/WebObjects/proxy.woa/ws/ProxyWebservice","http://gwpg-proxyloja.vmcommerce.intra"
254,"10.134.48.39","134.48.39",,"http://gwpg-proxyloja.vmcommerce.intra/proxy/WebObjects/proxy.woa/ws/ProxyWebservice","http://gwpg-proxyloja.vmcommerce.intra"
255,"10.134.48.40","134.48.40",,"http://gwpg-proxyloja.vmcommerce.intra/proxy/WebObjects/proxy.woa/ws/ProxyWebservice","http://gwpg-proxyloja.vmcommerce.intra"
256,"10.134.48.41","134.48.41",,"http://gwpg-proxyloja.vmcommerce.intra/proxy/WebObjects/proxy.woa/ws/ProxyWebservice","http://gwpg-proxyloja.vmcommerce.intra"
257,"10.134.48.42","134.48.42",,"http://gwpg-proxyloja.vmcommerce.intra/proxy/WebObjects/proxy.woa/ws/ProxyWebservice","http://gwpg-proxyloja.vmcommerce.intra"
258,"10.134.48.43","134.48.43",,"http://gwpg-proxyloja.vmcommerce.intra/proxy/WebObjects/proxy.woa/ws/ProxyWebservice","http://gwpg-proxyloja.vmcommerce.intra"
259,"10.134.48.44","134.48.44",,"http://gwpg-proxyloja.vmcommerce.intra/proxy/WebObjects/proxy.woa/ws/ProxyWebservice","http://gwpg-proxyloja.vmcommerce.intra"
260,"10.134.48.45","134.48.45",,"http://gwpg-proxyloja.vmcommerce.intra/proxy/WebObjects/proxy.woa/ws/ProxyWebservice","http://gwpg-proxyloja.vmcommerce.intra"
261,"10.134.48.46","134.48.46",,"http://gwpg-proxyloja.vmcommerce.intra/proxy/WebObjects/proxy.woa/ws/ProxyWebservice","http://gwpg-proxyloja.vmcommerce.intra"
262,"10.134.48.47","134.48.47",,"http://gwpg-proxyloja.vmcommerce.intra/proxy/WebObjects/proxy.woa/ws/ProxyWebservice","http://gwpg-proxyloja.vmcommerce.intra"
263,"10.134.48.48","134.48.48",,"http://gwpg-proxyloja.vmcommerce.intra/proxy/WebObjects/proxy.woa/ws/ProxyWebservice","http://gwpg-proxyloja.vmcommerce.intra"
264,"10.134.48.49","134.48.49",,"http://gwpg-proxyloja.vmcommerce.intra/proxy/WebObjects/proxy.woa/ws/ProxyWebservice","http://gwpg-proxyloja.vmcommerce.intra"
265,"10.134.48.50","134.48.50",,"http://gwpg-proxyloja.vmcommerce.intra/proxy/WebObjects/proxy.woa/ws/ProxyWebservice","http://gwpg-proxyloja.vmcommerce.intra"
266,"10.134.48.51","134.48.51",,"http://gwpg-proxyloja.vmcommerce.intra/proxy/WebObjects/proxy.woa/ws/ProxyWebservice","http://gwpg-proxyloja.vmcommerce.intra"
267,"10.134.48.52","134.48.52",,"http://gwpg-proxyloja.vmcommerce.intra/proxy/WebObjects/proxy.woa/ws/ProxyWebservice","http://gwpg-proxyloja.vmcommerce.intra"
268,"10.134.48.53","134.48.53",,"http://gwpg-proxyloja.vmcommerce.intra/proxy/WebObjects/proxy.woa/ws/ProxyWebservice","http://gwpg-proxyloja.vmcommerce.intra"
269,"10.134.48.54","134.48.54",,"http://gwpg-proxyloja.vmcommerce.intra/proxy/WebObjects/proxy.woa/ws/ProxyWebservice","http://gwpg-proxyloja.vmcommerce.intra"
270,"10.134.48.55","134.48.55",,"http://gwpg-proxyloja.vmcommerce.intra/proxy/WebObjects/proxy.woa/ws/ProxyWebservice","http://gwpg-proxyloja.vmcommerce.intra"
271,"10.134.48.56","134.48.56",,"http://gwpg-proxyloja.vmcommerce.intra/proxy/WebObjects/proxy.woa/ws/ProxyWebservice","http://gwpg-proxyloja.vmcommerce.intra"
272,"10.134.48.57","134.48.57",,"http://gwpg-proxyloja.vmcommerce.intra/proxy/WebObjects/proxy.woa/ws/ProxyWebservice","http://gwpg-proxyloja.vmcommerce.intra"
273,"10.134.48.58","134.48.58",,"http://gwpg-proxyloja.vmcommerce.intra/proxy/WebObjects/proxy.woa/ws/ProxyWebservice","http://gwpg-proxyloja.vmcommerce.intra"
274,"10.134.48.59","134.48.59",,"http://gwpg-proxyloja.vmcommerce.intra/proxy/WebObjects/proxy.woa/ws/ProxyWebservice","http://gwpg-proxyloja.vmcommerce.intra"
275,"10.134.48.60","134.48.60",,"http://gwpg-proxyloja.vmcommerce.intra/proxy/WebObjects/proxy.woa/ws/ProxyWebservice","http://gwpg-proxyloja.vmcommerce.intra"
276,"10.134.48.61","134.48.61",,"http://gwpg-proxyloja.vmcommerce.intra/proxy/WebObjects/proxy.woa/ws/ProxyWebservice","http://gwpg-proxyloja.vmcommerce.intra"
277,"10.134.56.6","134.56.6",,"http://gwpg-proxyloja.vmcommerce.intra/proxy/WebObjects/proxy.woa/ws/ProxyWebservice","http://gwpg-proxyloja.vmcommerce.intra"
278,"10.134.56.7","134.56.7",,"http://gwpg-proxyloja.vmcommerce.intra/proxy/WebObjects/proxy.woa/ws/ProxyWebservice","http://gwpg-proxyloja.vmcommerce.intra"
279,"10.134.56.8","134.56.8",,"http://gwpg-proxyloja.vmcommerce.intra/proxy/WebObjects/proxy.woa/ws/ProxyWebservice","http://gwpg-proxyloja.vmcommerce.intra"
280,"10.134.56.9","134.56.9",,"http://gwpg-proxyloja.vmcommerce.intra/proxy/WebObjects/proxy.woa/ws/ProxyWebservice","http://gwpg-proxyloja.vmcommerce.intra"
281,"10.134.56.10","134.56.10",,"http://gwpg-proxyloja.vmcommerce.intra/proxy/WebObjects/proxy.woa/ws/ProxyWebservice","http://gwpg-proxyloja.vmcommerce.intra"
282,"10.134.56.11","134.56.11",,"http://gwpg-proxyloja.vmcommerce.intra/proxy/WebObjects/proxy.woa/ws/ProxyWebservice","http://gwpg-proxyloja.vmcommerce.intra"
283,"10.134.56.12","134.56.12",,"http://gwpg-proxyloja.vmcommerce.intra/proxy/WebObjects/proxy.woa/ws/ProxyWebservice","http://gwpg-proxyloja.vmcommerce.intra"
284,"10.134.56.13","134.56.13",,"http://gwpg-proxyloja.vmcommerce.intra/proxy/WebObjects/proxy.woa/ws/ProxyWebservice","http://gwpg-proxyloja.vmcommerce.intra"
285,"10.134.56.14","134.56.14",,"http://gwpg-proxyloja.vmcommerce.intra/proxy/WebObjects/proxy.woa/ws/ProxyWebservice","http://gwpg-proxyloja.vmcommerce.intra"
286,"10.134.56.14","134.56.14",,"http://gwpg-proxyloja.vmcommerce.intra/proxy/WebObjects/proxy.woa/ws/ProxyWebservice","http://gwpg-proxyloja.vmcommerce.intra"
287,"10.134.56.15","134.56.15",,"http://gwpg-proxyloja.vmcommerce.intra/proxy/WebObjects/proxy.woa/ws/ProxyWebservice","http://gwpg-proxyloja.vmcommerce.intra"
288,"10.134.56.16","134.56.16",,"http://gwpg-proxyloja.vmcommerce.intra/proxy/WebObjects/proxy.woa/ws/ProxyWebservice","http://gwpg-proxyloja.vmcommerce.intra"
289,"10.134.56.17","134.56.17",,"http://gwpg-proxyloja.vmcommerce.intra/proxy/WebObjects/proxy.woa/ws/ProxyWebservice","http://gwpg-proxyloja.vmcommerce.intra"
290,"10.134.56.18","134.56.18",,"http://gwpg-proxyloja.vmcommerce.intra/proxy/WebObjects/proxy.woa/ws/ProxyWebservice","http://gwpg-proxyloja.vmcommerce.intra"
291,"10.134.56.19","134.56.19",,"http://gwpg-proxyloja.vmcommerce.intra/proxy/WebObjects/proxy.woa/ws/ProxyWebservice","http://gwpg-proxyloja.vmcommerce.intra"
292,"10.134.56.20","134.56.20",,"http://gwpg-proxyloja.vmcommerce.intra/proxy/WebObjects/proxy.woa/ws/ProxyWebservice","http://gwpg-proxyloja.vmcommerce.intra"
293,"10.134.56.21","134.56.21",,"http://gwpg-proxyloja.vmcommerce.intra/proxy/WebObjects/proxy.woa/ws/ProxyWebservice","http://gwpg-proxyloja.vmcommerce.intra"
294,"10.134.56.22","134.56.22",,"http://gwpg-proxyloja.vmcommerce.intra/proxy/WebObjects/proxy.woa/ws/ProxyWebservice","http://gwpg-proxyloja.vmcommerce.intra"
295,"10.134.56.23","134.56.23",,"http://gwpg-proxyloja.vmcommerce.intra/proxy/WebObjects/proxy.woa/ws/ProxyWebservice","http://gwpg-proxyloja.vmcommerce.intra"
296,"10.134.56.24","134.56.24",,"http://gwpg-proxyloja.vmcommerce.intra/proxy/WebObjects/proxy.woa/ws/ProxyWebservice","http://gwpg-proxyloja.vmcommerce.intra"
297,"10.134.56.25","134.56.25",,"http://gwpg-proxyloja.vmcommerce.intra/proxy/WebObjects/proxy.woa/ws/ProxyWebservice","http://gwpg-proxyloja.vmcommerce.intra"
298,"10.134.56.26","134.56.26",,"http://gwpg-proxyloja.vmcommerce.intra/proxy/WebObjects/proxy.woa/ws/ProxyWebservice","http://gwpg-proxyloja.vmcommerce.intra"
299,"10.134.56.27","134.56.27",,"http://gwpg-proxyloja.vmcommerce.intra/proxy/WebObjects/proxy.woa/ws/ProxyWebservice","http://gwpg-proxyloja.vmcommerce.intra"
300,"10.134.56.28","134.56.28",,"http://gwpg-proxyloja.vmcommerce.intra/proxy/WebObjects/proxy.woa/ws/ProxyWebservice","http://gwpg-proxyloja.vmcommerce.intra"
301,"10.134.56.29","134.56.29",,"http://gwpg-proxyloja.vmcommerce.intra/proxy/WebObjects/proxy.woa/ws/ProxyWebservice","http://gwpg-proxyloja.vmcommerce.intra"
302,"10.134.56.30","134.56.30",,"http://gwpg-proxyloja.vmcommerce.intra/proxy/WebObjects/proxy.woa/ws/ProxyWebservice","http://gwpg-proxyloja.vmcommerce.intra"
303,"10.134.56.31","134.56.31",,"http://gwpg-proxyloja.vmcommerce.intra/proxy/WebObjects/proxy.woa/ws/ProxyWebservice","http://gwpg-proxyloja.vmcommerce.intra"
304,"10.134.56.32","134.56.32",,"http://gwpg-proxyloja.vmcommerce.intra/proxy/WebObjects/proxy.woa/ws/ProxyWebservice","http://gwpg-proxyloja.vmcommerce.intra"
305,"10.134.56.33","134.56.33",,"http://gwpg-proxyloja.vmcommerce.intra/proxy/WebObjects/proxy.woa/ws/ProxyWebservice","http://gwpg-proxyloja.vmcommerce.intra"
306,"10.134.56.34","134.56.34",,"http://gwpg-proxyloja.vmcommerce.intra/proxy/WebObjects/proxy.woa/ws/ProxyWebservice","http://gwpg-proxyloja.vmcommerce.intra"
307,"10.134.56.35","134.56.35",,"http://gwpg-proxyloja.vmcommerce.intra/proxy/WebObjects/proxy.woa/ws/ProxyWebservice","http://gwpg-proxyloja.vmcommerce.intra"
308,"10.134.56.36","134.56.36",,"http://gwpg-proxyloja.vmcommerce.intra/proxy/WebObjects/proxy.woa/ws/ProxyWebservice","http://gwpg-proxyloja.vmcommerce.intra"
309,"10.134.56.37","134.56.37",,"http://gwpg-proxyloja.vmcommerce.intra/proxy/WebObjects/proxy.woa/ws/ProxyWebservice","http://gwpg-proxyloja.vmcommerce.intra"
310,"10.134.56.38","134.56.38",,"http://gwpg-proxyloja.vmcommerce.intra/proxy/WebObjects/proxy.woa/ws/ProxyWebservice","http://gwpg-proxyloja.vmcommerce.intra"
311,"10.134.56.39","134.56.39",,"http://gwpg-proxyloja.vmcommerce.intra/proxy/WebObjects/proxy.woa/ws/ProxyWebservice","http://gwpg-proxyloja.vmcommerce.intra"
312,"10.134.56.40","134.56.40",,"http://gwpg-proxyloja.vmcommerce.intra/proxy/WebObjects/proxy.woa/ws/ProxyWebservice","http://gwpg-proxyloja.vmcommerce.intra"
313,"10.134.56.41","134.56.41",,"http://gwpg-proxyloja.vmcommerce.intra/proxy/WebObjects/proxy.woa/ws/ProxyWebservice","http://gwpg-proxyloja.vmcommerce.intra"
314,"10.134.56.42","134.56.42",,"http://gwpg-proxyloja.vmcommerce.intra/proxy/WebObjects/proxy.woa/ws/ProxyWebservice","http://gwpg-proxyloja.vmcommerce.intra"
315,"10.134.56.43","134.56.43",,"http://gwpg-proxyloja.vmcommerce.intra/proxy/WebObjects/proxy.woa/ws/ProxyWebservice","http://gwpg-proxyloja.vmcommerce.intra"
316,"10.134.56.44","134.56.44",,"http://gwpg-proxyloja.vmcommerce.intra/proxy/WebObjects/proxy.woa/ws/ProxyWebservice","http://gwpg-proxyloja.vmcommerce.intra"
317,"10.134.56.45","134.56.45",,"http://gwpg-proxyloja.vmcommerce.intra/proxy/WebObjects/proxy.woa/ws/ProxyWebservice","http://gwpg-proxyloja.vmcommerce.intra"
318,"10.134.56.46","134.56.46",,"http://gwpg-proxyloja.vmcommerce.intra/proxy/WebObjects/proxy.woa/ws/ProxyWebservice","http://gwpg-proxyloja.vmcommerce.intra"
319,"10.134.56.47","134.56.47",,"http://gwpg-proxyloja.vmcommerce.intra/proxy/WebObjects/proxy.woa/ws/ProxyWebservice","http://gwpg-proxyloja.vmcommerce.intra"
320,"10.134.56.48","134.56.48",,"http://gwpg-proxyloja.vmcommerce.intra/proxy/WebObjects/proxy.woa/ws/ProxyWebservice","http://gwpg-proxyloja.vmcommerce.intra"
321,"10.134.56.49","134.56.49",,"http://gwpg-proxyloja.vmcommerce.intra/proxy/WebObjects/proxy.woa/ws/ProxyWebservice","http://gwpg-proxyloja.vmcommerce.intra"
322,"10.134.56.50","134.56.50",,"http://gwpg-proxyloja.vmcommerce.intra/proxy/WebObjects/proxy.woa/ws/ProxyWebservice","http://gwpg-proxyloja.vmcommerce.intra"
323,"10.134.56.51","134.56.51",,"http://gwpg-proxyloja.vmcommerce.intra/proxy/WebObjects/proxy.woa/ws/ProxyWebservice","http://gwpg-proxyloja.vmcommerce.intra"
324,"10.134.56.52","134.56.52",,"http://gwpg-proxyloja.vmcommerce.intra/proxy/WebObjects/proxy.woa/ws/ProxyWebservice","http://gwpg-proxyloja.vmcommerce.intra"
325,"10.134.56.53","134.56.53",,"http://gwpg-proxyloja.vmcommerce.intra/proxy/WebObjects/proxy.woa/ws/ProxyWebservice","http://gwpg-proxyloja.vmcommerce.intra"
326,"10.134.56.54","134.56.54",,"http://gwpg-proxyloja.vmcommerce.intra/proxy/WebObjects/proxy.woa/ws/ProxyWebservice","http://gwpg-proxyloja.vmcommerce.intra"
327,"10.134.56.55","134.56.55",,"http://gwpg-proxyloja.vmcommerce.intra/proxy/WebObjects/proxy.woa/ws/ProxyWebservice","http://gwpg-proxyloja.vmcommerce.intra"
328,"10.134.56.56","134.56.56",,"http://gwpg-proxyloja.vmcommerce.intra/proxy/WebObjects/proxy.woa/ws/ProxyWebservice","http://gwpg-proxyloja.vmcommerce.intra"
329,"10.134.56.57","134.56.57",,"http://gwpg-proxyloja.vmcommerce.intra/proxy/WebObjects/proxy.woa/ws/ProxyWebservice","http://gwpg-proxyloja.vmcommerce.intra"
330,"10.134.56.58","134.56.58",,"http://gwpg-proxyloja.vmcommerce.intra/proxy/WebObjects/proxy.woa/ws/ProxyWebservice","http://gwpg-proxyloja.vmcommerce.intra"
331,"10.134.56.59","134.56.59",,"http://gwpg-proxyloja.vmcommerce.intra/proxy/WebObjects/proxy.woa/ws/ProxyWebservice","http://gwpg-proxyloja.vmcommerce.intra"
332,"10.134.56.60","134.56.60",,"http://gwpg-proxyloja.vmcommerce.intra/proxy/WebObjects/proxy.woa/ws/ProxyWebservice","http://gwpg-proxyloja.vmcommerce.intra"
333,"10.134.56.61","134.56.61",,"http://gwpg-proxyloja.vmcommerce.intra/proxy/WebObjects/proxy.woa/ws/ProxyWebservice","http://gwpg-proxyloja.vmcommerce.intra"
334,"10.134.56.62","134.56.62",,"http://gwpg-proxyloja.vmcommerce.intra/proxy/WebObjects/proxy.woa/ws/ProxyWebservice","http://gwpg-proxyloja.vmcommerce.intra"
335,"10.134.56.63","134.56.63",,"http://gwpg-proxyloja.vmcommerce.intra/proxy/WebObjects/proxy.woa/ws/ProxyWebservice","http://gwpg-proxyloja.vmcommerce.intra"
336,"10.134.56.64","134.56.64",,"http://gwpg-proxyloja.vmcommerce.intra/proxy/WebObjects/proxy.woa/ws/ProxyWebservice","http://gwpg-proxyloja.vmcommerce.intra"
337,"10.134.56.65","134.56.65",,"http://gwpg-proxyloja.vmcommerce.intra/proxy/WebObjects/proxy.woa/ws/ProxyWebservice","http://gwpg-proxyloja.vmcommerce.intra"
338,"10.134.56.66","134.56.66",,"http://gwpg-proxyloja.vmcommerce.intra/proxy/WebObjects/proxy.woa/ws/ProxyWebservice","http://gwpg-proxyloja.vmcommerce.intra"
339,"10.134.56.67","134.56.67",,"http://gwpg-proxyloja.vmcommerce.intra/proxy/WebObjects/proxy.woa/ws/ProxyWebservice","http://gwpg-proxyloja.vmcommerce.intra"
340,"10.134.56.68","134.56.68",,"http://gwpg-proxyloja.vmcommerce.intra/proxy/WebObjects/proxy.woa/ws/ProxyWebservice","http://gwpg-proxyloja.vmcommerce.intra"
341,"10.134.56.69","134.56.69",,"http://gwpg-proxyloja.vmcommerce.intra/proxy/WebObjects/proxy.woa/ws/ProxyWebservice","http://gwpg-proxyloja.vmcommerce.intra"
342,"10.134.56.70","134.56.70",,"http://gwpg-proxyloja.vmcommerce.intra/proxy/WebObjects/proxy.woa/ws/ProxyWebservice","http://gwpg-proxyloja.vmcommerce.intra"
343,"10.134.56.71","134.56.71",,"http://gwpg-proxyloja.vmcommerce.intra/proxy/WebObjects/proxy.woa/ws/ProxyWebservice","http://gwpg-proxyloja.vmcommerce.intra"
344,"10.134.56.72","134.56.72",,"http://gwpg-proxyloja.vmcommerce.intra/proxy/WebObjects/proxy.woa/ws/ProxyWebservice","http://gwpg-proxyloja.vmcommerce.intra"
345,"10.134.56.73","134.56.73",,"http://gwpg-proxyloja.vmcommerce.intra/proxy/WebObjects/proxy.woa/ws/ProxyWebservice","http://gwpg-proxyloja.vmcommerce.intra"
346,"10.134.56.74","134.56.74",,"http://gwpg-proxyloja.vmcommerce.intra/proxy/WebObjects/proxy.woa/ws/ProxyWebservice","http://gwpg-proxyloja.vmcommerce.intra"
347,"10.134.56.75","134.56.75",,"http://gwpg-proxyloja.vmcommerce.intra/proxy/WebObjects/proxy.woa/ws/ProxyWebservice","http://gwpg-proxyloja.vmcommerce.intra"
348,"10.134.56.76","134.56.76",,"http://gwpg-proxyloja.vmcommerce.intra/proxy/WebObjects/proxy.woa/ws/ProxyWebservice","http://gwpg-proxyloja.vmcommerce.intra"
349,"10.134.56.77","134.56.77",,"http://gwpg-proxyloja.vmcommerce.intra/proxy/WebObjects/proxy.woa/ws/ProxyWebservice","http://gwpg-proxyloja.vmcommerce.intra"
350,"10.134.56.78","134.56.78",,"http://gwpg-proxyloja.vmcommerce.intra/proxy/WebObjects/proxy.woa/ws/ProxyWebservice","http://gwpg-proxyloja.vmcommerce.intra"
351,"10.134.56.79","134.56.79",,"http://gwpg-proxyloja.vmcommerce.intra/proxy/WebObjects/proxy.woa/ws/ProxyWebservice","http://gwpg-proxyloja.vmcommerce.intra"
352,"10.134.56.80","134.56.80",,"http://gwpg-proxyloja.vmcommerce.intra/proxy/WebObjects/proxy.woa/ws/ProxyWebservice","http://gwpg-proxyloja.vmcommerce.intra"
353,"10.134.56.81","134.56.81",,"http://gwpg-proxyloja.vmcommerce.intra/proxy/WebObjects/proxy.woa/ws/ProxyWebservice","http://gwpg-proxyloja.vmcommerce.intra"
354,"10.134.56.82","134.56.82",,"http://gwpg-proxyloja.vmcommerce.intra/proxy/WebObjects/proxy.woa/ws/ProxyWebservice","http://gwpg-proxyloja.vmcommerce.intra"
355,"10.134.56.83","134.56.83",,"http://gwpg-proxyloja.vmcommerce.intra/proxy/WebObjects/proxy.woa/ws/ProxyWebservice","http://gwpg-proxyloja.vmcommerce.intra"
356,"10.134.56.84","134.56.84",,"http://gwpg-proxyloja.vmcommerce.intra/proxy/WebObjects/proxy.woa/ws/ProxyWebservice","http://gwpg-proxyloja.vmcommerce.intra"
357,"10.134.56.85","134.56.85",,"http://gwpg-proxyloja.vmcommerce.intra/proxy/WebObjects/proxy.woa/ws/ProxyWebservice","http://gwpg-proxyloja.vmcommerce.intra"
358,"10.134.56.86","134.56.86",,"http://gwpg-proxyloja.vmcommerce.intra/proxy/WebObjects/proxy.woa/ws/ProxyWebservice","http://gwpg-proxyloja.vmcommerce.intra"
359,"10.134.56.87","134.56.87",,"http://gwpg-proxyloja.vmcommerce.intra/proxy/WebObjects/proxy.woa/ws/ProxyWebservice","http://gwpg-proxyloja.vmcommerce.intra"
360,"10.134.56.88","134.56.88",,"http://gwpg-proxyloja.vmcommerce.intra/proxy/WebObjects/proxy.woa/ws/ProxyWebservice","http://gwpg-proxyloja.vmcommerce.intra"
361,"10.134.56.89","134.56.89",,"http://gwpg-proxyloja.vmcommerce.intra/proxy/WebObjects/proxy.woa/ws/ProxyWebservice","http://gwpg-proxyloja.vmcommerce.intra"
362,"10.134.56.90","134.56.90",,"http://gwpg-proxyloja.vmcommerce.intra/proxy/WebObjects/proxy.woa/ws/ProxyWebservice","http://gwpg-proxyloja.vmcommerce.intra"
363,"10.134.56.91","134.56.91",,"http://gwpg-proxyloja.vmcommerce.intra/proxy/WebObjects/proxy.woa/ws/ProxyWebservice","http://gwpg-proxyloja.vmcommerce.intra"
364,"napsao-w-srvadm1","134.50.146","http://www.atendimento.wmxp.com.br/","http://gwpg-proxyloja.vmcommerce.intra/proxy/WebObjects/proxy.woa/ws/ProxyWebservice","http://gwpg-proxyloja.vmcommerce.intra"
365,"napsao-w-srvadm2","134.50.147","http://www.atendimento.wmxp.com.br/","http://gwpg-proxyloja.vmcommerce.intra/proxy/WebObjects/proxy.woa/ws/ProxyWebservice","http://gwpg-proxyloja.vmcommerce.intra"
366,"napsao-w-srvadm3","134.50.148","http://www.atendimento.wmxp.com.br/","http://gwpg-proxyloja.vmcommerce.intra/proxy/WebObjects/proxy.woa/ws/ProxyWebservice","http://gwpg-proxyloja.vmcommerce.intra"
367,"napsao-w-srvadm4","134.50.149","http://www.atendimento.wmxp.com.br/","http://gwpg-proxyloja.vmcommerce.intra/proxy/WebObjects/proxy.woa/ws/ProxyWebservice","http://gwpg-proxyloja.vmcommerce.intra"
368,"napsao-win-admin-svc3","134.51.3",,"http://gwpg-proxyloja.vmcommerce.intra/proxy/WebObjects/proxy.woa/ws/ProxyWebservice","http://gwpg-proxyloja.vmcommerce.intra"
369,"napsao-win-admin-svc4","134.51.4",,"http://gwpg-proxyloja.vmcommerce.intra/proxy/WebObjects/proxy.woa/ws/ProxyWebservice","http://gwpg-proxyloja.vmcommerce.intra"
370,"napsao-win-admin-svc5","134.51.5",,"http://gwpg-proxyloja.vmcommerce.intra/proxy/WebObjects/proxy.woa/ws/ProxyWebservice","http://gwpg-proxyloja.vmcommerce.intra"
371,"napsao-win-admin3","134.51.6",,"http://gwpg-proxyloja.vmcommerce.intra/proxy/WebObjects/proxy.woa/ws/ProxyWebservice","http://gwpg-proxyloja.vmcommerce.intra"
372,"napsao-win-admin4","134.51.7",,"http://gwpg-proxyloja.vmcommerce.intra/proxy/WebObjects/proxy.woa/ws/ProxyWebservice","http://gwpg-proxyloja.vmcommerce.intra"
373,"itau-admin1","134.63.133","http://www.walmart.com.br","http://gwpg-proxyloja.vmcommerce.intra/proxy/WebObjects/proxy.woa/ws/ProxyWebservice","http://gwpg-proxyloja.vmcommerce.intra"
374,"itau-admin2","134.63.134","http://www.walmart.com.br","http://gwpg-proxyloja.vmcommerce.intra/proxy/WebObjects/proxy.woa/ws/ProxyWebservice","http://gwpg-proxyloja.vmcommerce.intra"
375,"itau-admin-vip","134.63.135","http://www.walmart.com.br","http://gwpg-proxyloja.vmcommerce.intra/proxy/WebObjects/proxy.woa/ws/ProxyWebservice","http://gwpg-proxyloja.vmcommerce.intra"
376,"wm-wsprod-web12","134.25.14",,"http://gwpg-proxyloja.vmcommerce.intra/proxy/WebObjects/proxy.woa/ws/ProxyWebservice","http://gwpg-proxyloja.vmcommerce.intra"
377,"api.walmartb2b-42.17","134.52.17",,"http://gwpg-proxyloja.vmcommerce.intra/proxy/WebObjects/proxy.woa/ws/ProxyWebservice","http://gwpg-proxyloja.vmcommerce.intra"
378,"api.walmartb2b-42.18","134.52.18",,"http://gwpg-proxyloja.vmcommerce.intra/proxy/WebObjects/proxy.woa/ws/ProxyWebservice","http://gwpg-proxyloja.vmcommerce.intra"
379,"api.walmartb2b-42.19","134.52.19",,"http://gwpg-proxyloja.vmcommerce.intra/proxy/WebObjects/proxy.woa/ws/ProxyWebservice","http://gwpg-proxyloja.vmcommerce.intra"
380,"Itau - Tracking","21.224.17","http://172.21.224.17","http://gwpg-proxyloja.vmcommerce.intra/proxy/WebObjects/proxy.woa/ws/ProxyWebservice","http://gwpg-proxyloja.vmcommerce.intra"
381,"napsao-w-ckft1","134.58.19",,"http://gwpg-proxyloja.vmcommerce.intra/proxy/WebObjects/proxy.woa/ws/ProxyWebservice","http://gwpg-proxyloja.vmcommerce.intra"
382,"SiteAtendimento","atendimento.wmxp.com.br","http://www.atendimento.wmxp.com.br","http://gwpg-proxyloja.vmcommerce.intra/proxy/WebObjects/proxy.woa/ws/ProxyWebservice","http://gwpg-proxyloja.vmcommerce.intra"
383,"Botox","botox.walmart.com.br","http://www.walmart.com.br","http://gwpg-proxyloja.vmcommerce.intra/proxy/WebObjects/proxy.woa/ws/ProxyWebservice","http://gwpg-proxyloja.vmcommerce.intra"
384,"napsao-w-ckft2","134.58.20",,"http://gwpg-proxyloja.vmcommerce.intra/proxy/WebObjects/proxy.woa/ws/ProxyWebservice","http://gwpg-proxyloja.vmcommerce.intra"
385,"napsao-w-ckft20","134.58.38",,"http://gwpg-proxyloja.vmcommerce.intra/proxy/WebObjects/proxy.woa/ws/ProxyWebservice","http://gwpg-proxyloja.vmcommerce.intra"
386,"napsao-w-ckft3","134.58.21",,"http://gwpg-proxyloja.vmcommerce.intra/proxy/WebObjects/proxy.woa/ws/ProxyWebservice","http://gwpg-proxyloja.vmcommerce.intra"
387,"napsao-w-ckft4","134.58.22",,"http://gwpg-proxyloja.vmcommerce.intra/proxy/WebObjects/proxy.woa/ws/ProxyWebservice","http://gwpg-proxyloja.vmcommerce.intra"
388,"napsao-w-ckft5","134.58.23",,"http://gwpg-proxyloja.vmcommerce.intra/proxy/WebObjects/proxy.woa/ws/ProxyWebservice","http://gwpg-proxyloja.vmcommerce.intra"
389,"napsao-w-ckft6","134.58.24",,"http://gwpg-proxyloja.vmcommerce.intra/proxy/WebObjects/proxy.woa/ws/ProxyWebservice","http://gwpg-proxyloja.vmcommerce.intra"
390,"napsao-w-ckft7","134.58.25",,"http://gwpg-proxyloja.vmcommerce.intra/proxy/WebObjects/proxy.woa/ws/ProxyWebservice","http://gwpg-proxyloja.vmcommerce.intra"
391,"napsao-w-ckft8","134.58.26",,"http://gwpg-proxyloja.vmcommerce.intra/proxy/WebObjects/proxy.woa/ws/ProxyWebservice","http://gwpg-proxyloja.vmcommerce.intra"
392,"napsao-w-ckft9","134.58.27",,"http://gwpg-proxyloja.vmcommerce.intra/proxy/WebObjects/proxy.woa/ws/ProxyWebservice","http://gwpg-proxyloja.vmcommerce.intra"
393,"napsao-w-ckft10","134.58.28",,"http://gwpg-proxyloja.vmcommerce.intra/proxy/WebObjects/proxy.woa/ws/ProxyWebservice","http://gwpg-proxyloja.vmcommerce.intra"
394,"napsao-w-ckft11","134.58.29",,"http://gwpg-proxyloja.vmcommerce.intra/proxy/WebObjects/proxy.woa/ws/ProxyWebservice","http://gwpg-proxyloja.vmcommerce.intra"
395,"napsao-w-ckft12","134.58.30",,"http://gwpg-proxyloja.vmcommerce.intra/proxy/WebObjects/proxy.woa/ws/ProxyWebservice","http://gwpg-proxyloja.vmcommerce.intra"
396,"napsao-w-ckft13","134.58.31",,"http://gwpg-proxyloja.vmcommerce.intra/proxy/WebObjects/proxy.woa/ws/ProxyWebservice","http://gwpg-proxyloja.vmcommerce.intra"
397,"napsao-w-ckft14","134.58.32",,"http://gwpg-proxyloja.vmcommerce.intra/proxy/WebObjects/proxy.woa/ws/ProxyWebservice","http://gwpg-proxyloja.vmcommerce.intra"
398,"napsao-w-ckft15","134.58.33",,"http://gwpg-proxyloja.vmcommerce.intra/proxy/WebObjects/proxy.woa/ws/ProxyWebservice","http://gwpg-proxyloja.vmcommerce.intra"
399,"napsao-w-ckft16","134.58.34",,"http://gwpg-proxyloja.vmcommerce.intra/proxy/WebObjects/proxy.woa/ws/ProxyWebservice","http://gwpg-proxyloja.vmcommerce.intra"
400,"napsao-w-ckft17","134.58.35",,"http://gwpg-proxyloja.vmcommerce.intra/proxy/WebObjects/proxy.woa/ws/ProxyWebservice","http://gwpg-proxyloja.vmcommerce.intra"
401,"napsao-w-ckft18","134.58.36",,"http://gwpg-proxyloja.vmcommerce.intra/proxy/WebObjects/proxy.woa/ws/ProxyWebservice","http://gwpg-proxyloja.vmcommerce.intra"
402,"napsao-w-ckft19","134.58.37",,"http://gwpg-proxyloja.vmcommerce.intra/proxy/WebObjects/proxy.woa/ws/ProxyWebservice","http://gwpg-proxyloja.vmcommerce.intra"
403,"ListaCasamento","listadecasamento.walmart.com.br","http://www.listadecasamento.walmart.com.br","http://gwpg-proxyloja.vmcommerce.intra/proxy/WebObjects/proxy.woa/ws/ProxyWebservice","http://gwpg-proxyloja.vmcommerce.intra"
408,"WalMart Desata","shoppingdesata.walmartb2b.com.br","http://www.shoppingdesata.walmartb2b.com.br","http://gwpg-proxyloja.vmcommerce.intra/proxy/WebObjects/proxy.woa/ws/ProxyWebservice","http://gwpg-proxyloja.vmcommerce.intra"
409,"napsao-w-ibhds1","134.52.24",,"http://gwpg-proxyloja.vmcommerce.intra/proxy/WebObjects/proxy.woa/ws/ProxyWebservice","http://gwpg-proxyloja.vmcommerce.intra"
410,"napsao-w-ibhds2","134.52.25",,"http://gwpg-proxyloja.vmcommerce.intra/proxy/WebObjects/proxy.woa/ws/ProxyWebservice","http://gwpg-proxyloja.vmcommerce.intra"
411,"WalMart iBahia","shoppingibahia.walmartb2b.com.br","http://www.shoppingibahia.walmartb2b.com.br","http://gwpg-proxyloja.vmcommerce.intra/proxy/WebObjects/proxy.woa/ws/ProxyWebservice","http://gwpg-proxyloja.vmcommerce.intra"
412,"api.walmartb2b-42.28","134.52.28",,"http://10.134.27.156/proxy/WebObjects/proxy.woa/ws/ProxyWebservice","http://gwpg-proxyloja.vmcommerce.intra"
413,"api.walmartb2b-42.29","134.52.29",,"http://10.134.27.156/proxy/WebObjects/proxy.woa/ws/ProxyWebservice","http://gwpg-proxyloja.vmcommerce.intra"
414,"api.walmartb2b-42.30","134.52.30",,"http://10.134.27.156/proxy/WebObjects/proxy.woa/ws/ProxyWebservice","http://gwpg-proxyloja.vmcommerce.intra"
415,"api.walmartb2b-42.31","134.52.31",,"http://10.134.27.156/proxy/WebObjects/proxy.woa/ws/ProxyWebservice","http://gwpg-proxyloja.vmcommerce.intra"
416,"api.walmartb2b-42.32","134.52.32",,"http://10.134.27.156/proxy/WebObjects/proxy.woa/ws/ProxyWebservice","http://gwpg-proxyloja.vmcommerce.intra"
417,"api.walmartb2b-42.33","134.52.33",,"http://10.134.27.156/proxy/WebObjects/proxy.woa/ws/ProxyWebservice","http://gwpg-proxyloja.vmcommerce.intra"
